doc_id,doc,resps,target,arguments,filtered_resps,doc_hash,prompt_hash,target_hash,acc,acc_norm,id,question,choices,answerKey
85,"{'id': 'MDSA_2009_8_2', 'question': 'Gure eguzki-sistemako planeta bakoitzaren errotazio-periodoa ezberdina da. Lurraren errotazio-periodoa da:', 'choices': {'text': ['24 ordu', '28 egun', '13 aste', 'urtebete'], 'label': ['A', 'B', 'C', 'D']}, 'answerKey': 'A'}",0,"{'gen_args_0': {'arg_0': 'Galdera: Izarok neurtu zuen zenbat azukre disolbatzen zen katilu bat ur hotzetan, katilu bat ur epeletan eta katilu bat ur berotan. Zein izan zen emaitza, ziurrenik?\nErantzuna: Ur beroak disolbatu zuen azukre gehien.\n\nGaldera: Zientzialariek uste dute Lurraren historia geologikoan zeharreko kontinenteen jitoak eragin nabarmena izan duela Lurreko klima bero eta hotzen zikloetan. Adierazpen hauetako zeinek deskribatzen du Lurreko kontinenteen ezaugarri bat, kontinenteak jitoan daudenean munduko kliman aldaketak eragiten dituena ziurrenik?\nErantzuna: Kontinentearen kokapenak haren gainazalaren erreflektantziari eragiten dio.\n\nGaldera: Bi klasetako ikasleek ikerketa bera egin zuten. Klase bakoitzak emaitza ezberdina lortu zuen. Ikasleentzat, modu hauetako zein da hoberena emaitzak zergatik izan ziren desberdinak zehazteko?\nErantzuna: Ikerketetan emandako pausoak berrikustea.\n\nGaldera: Ikatzaren aire zabaleko meatzaritzan, erauzi nahi den ikatzaren gaineko landaretza eta arroka guztia kendu behar da. Lurraren zein bi azpisistemari eragiten die zuzenean aire zabaleko meatzaritzak?\nErantzuna: litosfera eta biosfera\n\nGaldera: Adierazpen hauetatik zein da iritzi bat?\nErantzuna: Landare asko ederrak dira.\n\nGaldera: Gure eguzki-sistemako planeta bakoitzaren errotazio-periodoa ezberdina da. Lurraren errotazio-periodoa da:\nErantzuna:', 'arg_1': ' 24 ordu'}, 'gen_args_1': {'arg_0': 'Galdera: Izarok neurtu zuen zenbat azukre disolbatzen zen katilu bat ur hotzetan, katilu bat ur epeletan eta katilu bat ur berotan. Zein izan zen emaitza, ziurrenik?\nErantzuna: Ur beroak disolbatu zuen azukre gehien.\n\nGaldera: Zientzialariek uste dute Lurraren historia geologikoan zeharreko kontinenteen jitoak eragin nabarmena izan duela Lurreko klima bero eta hotzen zikloetan. Adierazpen hauetako zeinek deskribatzen du Lurreko kontinenteen ezaugarri bat, kontinenteak jitoan daudenean munduko kliman aldaketak eragiten dituena ziurrenik?\nErantzuna: Kontinentearen kokapenak haren gainazalaren erreflektantziari eragiten dio.\n\nGaldera: Bi klasetako ikasleek ikerketa bera egin zuten. Klase bakoitzak emaitza ezberdina lortu zuen. Ikasleentzat, modu hauetako zein da hoberena emaitzak zergatik izan ziren desberdinak zehazteko?\nErantzuna: Ikerketetan emandako pausoak berrikustea.\n\nGaldera: Ikatzaren aire zabaleko meatzaritzan, erauzi nahi den ikatzaren gaineko landaretza eta arroka guztia kendu behar da. Lurraren zein bi azpisistemari eragiten die zuzenean aire zabaleko meatzaritzak?\nErantzuna: litosfera eta biosfera\n\nGaldera: Adierazpen hauetatik zein da iritzi bat?\nErantzuna: Landare asko ederrak dira.\n\nGaldera: Gure eguzki-sistemako planeta bakoitzaren errotazio-periodoa ezberdina da. Lurraren errotazio-periodoa da:\nErantzuna:', 'arg_1': ' 28 egun'}, 'gen_args_2': {'arg_0': 'Galdera: Izarok neurtu zuen zenbat azukre disolbatzen zen katilu bat ur hotzetan, katilu bat ur epeletan eta katilu bat ur berotan. Zein izan zen emaitza, ziurrenik?\nErantzuna: Ur beroak disolbatu zuen azukre gehien.\n\nGaldera: Zientzialariek uste dute Lurraren historia geologikoan zeharreko kontinenteen jitoak eragin nabarmena izan duela Lurreko klima bero eta hotzen zikloetan. Adierazpen hauetako zeinek deskribatzen du Lurreko kontinenteen ezaugarri bat, kontinenteak jitoan daudenean munduko kliman aldaketak eragiten dituena ziurrenik?\nErantzuna: Kontinentearen kokapenak haren gainazalaren erreflektantziari eragiten dio.\n\nGaldera: Bi klasetako ikasleek ikerketa bera egin zuten. Klase bakoitzak emaitza ezberdina lortu zuen. Ikasleentzat, modu hauetako zein da hoberena emaitzak zergatik izan ziren desberdinak zehazteko?\nErantzuna: Ikerketetan emandako pausoak berrikustea.\n\nGaldera: Ikatzaren aire zabaleko meatzaritzan, erauzi nahi den ikatzaren gaineko landaretza eta arroka guztia kendu behar da. Lurraren zein bi azpisistemari eragiten die zuzenean aire zabaleko meatzaritzak?\nErantzuna: litosfera eta biosfera\n\nGaldera: Adierazpen hauetatik zein da iritzi bat?\nErantzuna: Landare asko ederrak dira.\n\nGaldera: Gure eguzki-sistemako planeta bakoitzaren errotazio-periodoa ezberdina da. Lurraren errotazio-periodoa da:\nErantzuna:', 'arg_1': ' 13 aste'}, 'gen_args_3': {'arg_0': 'Galdera: Izarok neurtu zuen zenbat azukre disolbatzen zen katilu bat ur hotzetan, katilu bat ur epeletan eta katilu bat ur berotan. Zein izan zen emaitza, ziurrenik?\nErantzuna: Ur beroak disolbatu zuen azukre gehien.\n\nGaldera: Zientzialariek uste dute Lurraren historia geologikoan zeharreko kontinenteen jitoak eragin nabarmena izan duela Lurreko klima bero eta hotzen zikloetan. Adierazpen hauetako zeinek deskribatzen du Lurreko kontinenteen ezaugarri bat, kontinenteak jitoan daudenean munduko kliman aldaketak eragiten dituena ziurrenik?\nErantzuna: Kontinentearen kokapenak haren gainazalaren erreflektantziari eragiten dio.\n\nGaldera: Bi klasetako ikasleek ikerketa bera egin zuten. Klase bakoitzak emaitza ezberdina lortu zuen. Ikasleentzat, modu hauetako zein da hoberena emaitzak zergatik izan ziren desberdinak zehazteko?\nErantzuna: Ikerketetan emandako pausoak berrikustea.\n\nGaldera: Ikatzaren aire zabaleko meatzaritzan, erauzi nahi den ikatzaren gaineko landaretza eta arroka guztia kendu behar da. Lurraren zein bi azpisistemari eragiten die zuzenean aire zabaleko meatzaritzak?\nErantzuna: litosfera eta biosfera\n\nGaldera: Adierazpen hauetatik zein da iritzi bat?\nErantzuna: Landare asko ederrak dira.\n\nGaldera: Gure eguzki-sistemako planeta bakoitzaren errotazio-periodoa ezberdina da. Lurraren errotazio-periodoa da:\nErantzuna:', 'arg_1': ' urtebete'}}","[[['-1.0625', 'True']], [['-6.03125', 'False']], [['-14.9375', 'False']], [['-10.5625', 'False']]]","[['-1.0625', 'True'], ['-6.03125', 'False'], ['-14.9375', 'False'], ['-10.5625', 'False']]",276d524befc2dc9c6b1963b16b3ee72db9ad2048c059c013e9cfc7aa72199153,c6ef89157d95b46f15048dd09d13033282528198f80c241cadf2b0c2bd520c04,5feceb66ffc86f38d952786c6d696c79c2dbc239dd4e91b46729d73a27fb57e9,1,1,MDSA_2009_8_2,The period of rotation for each planet in our solar system is different. The period of rotation for Earth is,"{'text': array(['24 hours', '28 days', '13 weeks', '1 year'], dtype=object), 'label': array(['A', 'B', 'C', 'D'], dtype=object)}",A
15,"{'id': 'Mercury_SC_413240', 'question': 'Zer tenperaturatan izozten da ura?', 'choices': {'text': ['0 °C', '32 °C', '100 °C', '212 °C'], 'label': ['A', 'B', 'C', 'D']}, 'answerKey': 'A'}","[[['-1.046875', 'True']], [['-6.09375', 'False']], [['-7.375', 'False']], [['-11.375', 'False']]]",0,"{'gen_args_0': {'arg_0': 'Galdera: Ikasle batek ikusi du organismo zelulabakar batek eta landare-hosto batek antzeko atal berdeak dituztela. Ikasleak uste du bi organismoek atal berdeak bizitzeko erabiltzen dituztela. Hauetako zein ebidentziatan oinarritzen da bi organismoek bizitzeko atal berdeak behar dituztela dioen ondorioa?\nErantzuna: Bi organismoak hil egiten dira atal berdeak kentzen bazaizkie.\n\nGaldera: Kripton elementua gas bat da, ia inolako jarduera kimikorik ez duena. Antzeko ezaugarriak dituen beste elementu bat aurkitzeko, zer bilatu beharko luke ikasleak Elementuen Taula Periodikoan?\nErantzuna: talde bereko elementu bat\n\nGaldera: Urak propietate kimiko berezi asko ditu. Uraren zein propietatek egiten du ura gatz kristalinoen disolbatzaile on izatea?\nErantzuna: polaritate sendoa\n\nGaldera: Hauetako zein da ekosistema bateko elementu abiotiko bat?\nErantzuna: ekosistemako urteko batez besteko plubiositatea\n\nGaldera: Lurrak urtean behin orbitatzen du Eguzkiaren inguruan. Urtebetean, zenbat aldiz orbitatzen du Ilargiak Lurraren inguruan, gutxi gorabehera?\nErantzuna: 13\n\nGaldera: Zer tenperaturatan izozten da ura?\nErantzuna:', 'arg_1': ' 0 °C'}, 'gen_args_1': {'arg_0': 'Galdera: Ikasle batek ikusi du organismo zelulabakar batek eta landare-hosto batek antzeko atal berdeak dituztela. Ikasleak uste du bi organismoek atal berdeak bizitzeko erabiltzen dituztela. Hauetako zein ebidentziatan oinarritzen da bi organismoek bizitzeko atal berdeak behar dituztela dioen ondorioa?\nErantzuna: Bi organismoak hil egiten dira atal berdeak kentzen bazaizkie.\n\nGaldera: Kripton elementua gas bat da, ia inolako jarduera kimikorik ez duena. Antzeko ezaugarriak dituen beste elementu bat aurkitzeko, zer bilatu beharko luke ikasleak Elementuen Taula Periodikoan?\nErantzuna: talde bereko elementu bat\n\nGaldera: Urak propietate kimiko berezi asko ditu. Uraren zein propietatek egiten du ura gatz kristalinoen disolbatzaile on izatea?\nErantzuna: polaritate sendoa\n\nGaldera: Hauetako zein da ekosistema bateko elementu abiotiko bat?\nErantzuna: ekosistemako urteko batez besteko plubiositatea\n\nGaldera: Lurrak urtean behin orbitatzen du Eguzkiaren inguruan. Urtebetean, zenbat aldiz orbitatzen du Ilargiak Lurraren inguruan, gutxi gorabehera?\nErantzuna: 13\n\nGaldera: Zer tenperaturatan izozten da ura?\nErantzuna:', 'arg_1': ' 32 °C'}, 'gen_args_2': {'arg_0': 'Galdera: Ikasle batek ikusi du organismo zelulabakar batek eta landare-hosto batek antzeko atal berdeak dituztela. Ikasleak uste du bi organismoek atal berdeak bizitzeko erabiltzen dituztela. Hauetako zein ebidentziatan oinarritzen da bi organismoek bizitzeko atal berdeak behar dituztela dioen ondorioa?\nErantzuna: Bi organismoak hil egiten dira atal berdeak kentzen bazaizkie.\n\nGaldera: Kripton elementua gas bat da, ia inolako jarduera kimikorik ez duena. Antzeko ezaugarriak dituen beste elementu bat aurkitzeko, zer bilatu beharko luke ikasleak Elementuen Taula Periodikoan?\nErantzuna: talde bereko elementu bat\n\nGaldera: Urak propietate kimiko berezi asko ditu. Uraren zein propietatek egiten du ura gatz kristalinoen disolbatzaile on izatea?\nErantzuna: polaritate sendoa\n\nGaldera: Hauetako zein da ekosistema bateko elementu abiotiko bat?\nErantzuna: ekosistemako urteko batez besteko plubiositatea\n\nGaldera: Lurrak urtean behin orbitatzen du Eguzkiaren inguruan. Urtebetean, zenbat aldiz orbitatzen du Ilargiak Lurraren inguruan, gutxi gorabehera?\nErantzuna: 13\n\nGaldera: Zer tenperaturatan izozten da ura?\nErantzuna:', 'arg_1': ' 100 °C'}, 'gen_args_3': {'arg_0': 'Galdera: Ikasle batek ikusi du organismo zelulabakar batek eta landare-hosto batek antzeko atal berdeak dituztela. Ikasleak uste du bi organismoek atal berdeak bizitzeko erabiltzen dituztela. Hauetako zein ebidentziatan oinarritzen da bi organismoek bizitzeko atal berdeak behar dituztela dioen ondorioa?\nErantzuna: Bi organismoak hil egiten dira atal berdeak kentzen bazaizkie.\n\nGaldera: Kripton elementua gas bat da, ia inolako jarduera kimikorik ez duena. Antzeko ezaugarriak dituen beste elementu bat aurkitzeko, zer bilatu beharko luke ikasleak Elementuen Taula Periodikoan?\nErantzuna: talde bereko elementu bat\n\nGaldera: Urak propietate kimiko berezi asko ditu. Uraren zein propietatek egiten du ura gatz kristalinoen disolbatzaile on izatea?\nErantzuna: polaritate sendoa\n\nGaldera: Hauetako zein da ekosistema bateko elementu abiotiko bat?\nErantzuna: ekosistemako urteko batez besteko plubiositatea\n\nGaldera: Lurrak urtean behin orbitatzen du Eguzkiaren inguruan. Urtebetean, zenbat aldiz orbitatzen du Ilargiak Lurraren inguruan, gutxi gorabehera?\nErantzuna: 13\n\nGaldera: Zer tenperaturatan izozten da ura?\nErantzuna:', 'arg_1': ' 212 °C'}}","[['-1.046875', 'True'], ['-6.09375', 'False'], ['-7.375', 'False'], ['-11.375', 'False']]",8783cbb66bf7c0c4df291bdf407f92d32f0cf7d9b13f72c150187a6d57d751de,6dd29f8ba3e4ef4c54a4be6e9c8895ee387f724c87b093fd48e10ebf27c9a706,5feceb66ffc86f38d952786c6d696c79c2dbc239dd4e91b46729d73a27fb57e9,1,1,Mercury_SC_413240,At which temperature does water freeze?,"{'text': array(['0 degrees Celsius', '32 degrees Celsius', '100 degrees Celsius',
       '212 degrees Celsius'], dtype=object), 'label': array(['A', 'B', 'C', 'D'], dtype=object)}",A
14,"{'id': 'Mercury_7212993', 'question': 'Gas hauetako zein da Lurreko troposferako berotegi efektuko gasik ugariena?', 'choices': {'text': ['ozonoa', 'metanoa', 'ur-lurruna', 'karbono dioxidoa'], 'label': ['A', 'B', 'C', 'D']}, 'answerKey': 'C'}","[[['-5.59375', 'False']], [['-3.078125', 'False']], [['-9.1875', 'False']], [['-1.484375', 'True']]]",2,"{'gen_args_0': {'arg_0': 'Galdera: Zerrendatutako kantitateetatik, zein neurtzen da joulea ez den unitate batean?\nErantzuna: potentzia\n\nGaldera: Ekaitz-ehiztariak ekaitzetara hurbiltzen dira behatzeko eta neurriak hartzeko. Zer ezagutza gehitu diote ekaitz-ehiztariek ekaitzen azterketari, zeinak ekaitzen sorrerari buruzko teoriak aldatzen lagundu baitu?\nErantzuna: ekaitzen hasieran bildutako datuak\n\nGaldera: Sarak linterna bat pizten du eta objektu bati eusten dio argiaren norabidean. Nola jakingo du objektua opakoa ote den?\nErantzuna: Ez da argirik islatuko.\n\nGaldera: Hauetako zein biomak du landaretza gehien?\nErantzuna: basoa\n\nGaldera: Su-klimaxeko ekosistema batek aldizkako baso-suteak behar ditu egonkor irauteko. Hauetako zein izango litzateke, ziurrenik, ekosistema horretan sute naturalak prebenitzearen ondorioa?\nErantzuna: Hosto zabaleko espezieek pinuak ordezkatuko lituzkete.\n\nGaldera: Gas hauetako zein da Lurreko troposferako berotegi efektuko gasik ugariena?\nErantzuna:', 'arg_1': ' ozonoa'}, 'gen_args_1': {'arg_0': 'Galdera: Zerrendatutako kantitateetatik, zein neurtzen da joulea ez den unitate batean?\nErantzuna: potentzia\n\nGaldera: Ekaitz-ehiztariak ekaitzetara hurbiltzen dira behatzeko eta neurriak hartzeko. Zer ezagutza gehitu diote ekaitz-ehiztariek ekaitzen azterketari, zeinak ekaitzen sorrerari buruzko teoriak aldatzen lagundu baitu?\nErantzuna: ekaitzen hasieran bildutako datuak\n\nGaldera: Sarak linterna bat pizten du eta objektu bati eusten dio argiaren norabidean. Nola jakingo du objektua opakoa ote den?\nErantzuna: Ez da argirik islatuko.\n\nGaldera: Hauetako zein biomak du landaretza gehien?\nErantzuna: basoa\n\nGaldera: Su-klimaxeko ekosistema batek aldizkako baso-suteak behar ditu egonkor irauteko. Hauetako zein izango litzateke, ziurrenik, ekosistema horretan sute naturalak prebenitzearen ondorioa?\nErantzuna: Hosto zabaleko espezieek pinuak ordezkatuko lituzkete.\n\nGaldera: Gas hauetako zein da Lurreko troposferako berotegi efektuko gasik ugariena?\nErantzuna:', 'arg_1': ' metanoa'}, 'gen_args_2': {'arg_0': 'Galdera: Zerrendatutako kantitateetatik, zein neurtzen da joulea ez den unitate batean?\nErantzuna: potentzia\n\nGaldera: Ekaitz-ehiztariak ekaitzetara hurbiltzen dira behatzeko eta neurriak hartzeko. Zer ezagutza gehitu diote ekaitz-ehiztariek ekaitzen azterketari, zeinak ekaitzen sorrerari buruzko teoriak aldatzen lagundu baitu?\nErantzuna: ekaitzen hasieran bildutako datuak\n\nGaldera: Sarak linterna bat pizten du eta objektu bati eusten dio argiaren norabidean. Nola jakingo du objektua opakoa ote den?\nErantzuna: Ez da argirik islatuko.\n\nGaldera: Hauetako zein biomak du landaretza gehien?\nErantzuna: basoa\n\nGaldera: Su-klimaxeko ekosistema batek aldizkako baso-suteak behar ditu egonkor irauteko. Hauetako zein izango litzateke, ziurrenik, ekosistema horretan sute naturalak prebenitzearen ondorioa?\nErantzuna: Hosto zabaleko espezieek pinuak ordezkatuko lituzkete.\n\nGaldera: Gas hauetako zein da Lurreko troposferako berotegi efektuko gasik ugariena?\nErantzuna:', 'arg_1': ' ur-lurruna'}, 'gen_args_3': {'arg_0': 'Galdera: Zerrendatutako kantitateetatik, zein neurtzen da joulea ez den unitate batean?\nErantzuna: potentzia\n\nGaldera: Ekaitz-ehiztariak ekaitzetara hurbiltzen dira behatzeko eta neurriak hartzeko. Zer ezagutza gehitu diote ekaitz-ehiztariek ekaitzen azterketari, zeinak ekaitzen sorrerari buruzko teoriak aldatzen lagundu baitu?\nErantzuna: ekaitzen hasieran bildutako datuak\n\nGaldera: Sarak linterna bat pizten du eta objektu bati eusten dio argiaren norabidean. Nola jakingo du objektua opakoa ote den?\nErantzuna: Ez da argirik islatuko.\n\nGaldera: Hauetako zein biomak du landaretza gehien?\nErantzuna: basoa\n\nGaldera: Su-klimaxeko ekosistema batek aldizkako baso-suteak behar ditu egonkor irauteko. Hauetako zein izango litzateke, ziurrenik, ekosistema horretan sute naturalak prebenitzearen ondorioa?\nErantzuna: Hosto zabaleko espezieek pinuak ordezkatuko lituzkete.\n\nGaldera: Gas hauetako zein da Lurreko troposferako berotegi efektuko gasik ugariena?\nErantzuna:', 'arg_1': ' karbono dioxidoa'}}","[['-5.59375', 'False'], ['-3.078125', 'False'], ['-9.1875', 'False'], ['-1.484375', 'True']]",14ca15638720a829886f053400157d46f48e8d5d19f909aaa1fcadda338f6369,7ab62e6631d4cce3573d5ea3b058da325e305e20f672bcf6bf068f4296e7d319,d4735e3a265e16eee03f59718b9b5d03019c07d8b6c51f90da3a666eec13ab35,0,0,Mercury_7212993,Which of these gases is the most abundant greenhouse gas in the lower atmosphere of Earth?,"{'text': array(['ozone', 'methane', 'water vapor', 'carbon dioxide'], dtype=object), 'label': array(['A', 'B', 'C', 'D'], dtype=object)}",C
15,"{'id': 'Mercury_SC_413240', 'question': 'Zer tenperaturatan izozten da ura?', 'choices': {'text': ['0 °C', '32 °C', '100 °C', '212 °C'], 'label': ['A', 'B', 'C', 'D']}, 'answerKey': 'A'}",0,"{'gen_args_0': {'arg_0': 'Galdera: Ikasle batek ikusi du organismo zelulabakar batek eta landare-hosto batek antzeko atal berdeak dituztela. Ikasleak uste du bi organismoek atal berdeak bizitzeko erabiltzen dituztela. Hauetako zein ebidentziatan oinarritzen da bi organismoek bizitzeko atal berdeak behar dituztela dioen ondorioa?\nErantzuna: Bi organismoak hil egiten dira atal berdeak kentzen bazaizkie.\n\nGaldera: Kripton elementua gas bat da, ia inolako jarduera kimikorik ez duena. Antzeko ezaugarriak dituen beste elementu bat aurkitzeko, zer bilatu beharko luke ikasleak Elementuen Taula Periodikoan?\nErantzuna: talde bereko elementu bat\n\nGaldera: Urak propietate kimiko berezi asko ditu. Uraren zein propietatek egiten du ura gatz kristalinoen disolbatzaile on izatea?\nErantzuna: polaritate sendoa\n\nGaldera: Hauetako zein da ekosistema bateko elementu abiotiko bat?\nErantzuna: ekosistemako urteko batez besteko plubiositatea\n\nGaldera: Lurrak urtean behin orbitatzen du Eguzkiaren inguruan. Urtebetean, zenbat aldiz orbitatzen du Ilargiak Lurraren inguruan, gutxi gorabehera?\nErantzuna: 13\n\nGaldera: Zer tenperaturatan izozten da ura?\nErantzuna:', 'arg_1': ' 0 °C'}, 'gen_args_1': {'arg_0': 'Galdera: Ikasle batek ikusi du organismo zelulabakar batek eta landare-hosto batek antzeko atal berdeak dituztela. Ikasleak uste du bi organismoek atal berdeak bizitzeko erabiltzen dituztela. Hauetako zein ebidentziatan oinarritzen da bi organismoek bizitzeko atal berdeak behar dituztela dioen ondorioa?\nErantzuna: Bi organismoak hil egiten dira atal berdeak kentzen bazaizkie.\n\nGaldera: Kripton elementua gas bat da, ia inolako jarduera kimikorik ez duena. Antzeko ezaugarriak dituen beste elementu bat aurkitzeko, zer bilatu beharko luke ikasleak Elementuen Taula Periodikoan?\nErantzuna: talde bereko elementu bat\n\nGaldera: Urak propietate kimiko berezi asko ditu. Uraren zein propietatek egiten du ura gatz kristalinoen disolbatzaile on izatea?\nErantzuna: polaritate sendoa\n\nGaldera: Hauetako zein da ekosistema bateko elementu abiotiko bat?\nErantzuna: ekosistemako urteko batez besteko plubiositatea\n\nGaldera: Lurrak urtean behin orbitatzen du Eguzkiaren inguruan. Urtebetean, zenbat aldiz orbitatzen du Ilargiak Lurraren inguruan, gutxi gorabehera?\nErantzuna: 13\n\nGaldera: Zer tenperaturatan izozten da ura?\nErantzuna:', 'arg_1': ' 32 °C'}, 'gen_args_2': {'arg_0': 'Galdera: Ikasle batek ikusi du organismo zelulabakar batek eta landare-hosto batek antzeko atal berdeak dituztela. Ikasleak uste du bi organismoek atal berdeak bizitzeko erabiltzen dituztela. Hauetako zein ebidentziatan oinarritzen da bi organismoek bizitzeko atal berdeak behar dituztela dioen ondorioa?\nErantzuna: Bi organismoak hil egiten dira atal berdeak kentzen bazaizkie.\n\nGaldera: Kripton elementua gas bat da, ia inolako jarduera kimikorik ez duena. Antzeko ezaugarriak dituen beste elementu bat aurkitzeko, zer bilatu beharko luke ikasleak Elementuen Taula Periodikoan?\nErantzuna: talde bereko elementu bat\n\nGaldera: Urak propietate kimiko berezi asko ditu. Uraren zein propietatek egiten du ura gatz kristalinoen disolbatzaile on izatea?\nErantzuna: polaritate sendoa\n\nGaldera: Hauetako zein da ekosistema bateko elementu abiotiko bat?\nErantzuna: ekosistemako urteko batez besteko plubiositatea\n\nGaldera: Lurrak urtean behin orbitatzen du Eguzkiaren inguruan. Urtebetean, zenbat aldiz orbitatzen du Ilargiak Lurraren inguruan, gutxi gorabehera?\nErantzuna: 13\n\nGaldera: Zer tenperaturatan izozten da ura?\nErantzuna:', 'arg_1': ' 100 °C'}, 'gen_args_3': {'arg_0': 'Galdera: Ikasle batek ikusi du organismo zelulabakar batek eta landare-hosto batek antzeko atal berdeak dituztela. Ikasleak uste du bi organismoek atal berdeak bizitzeko erabiltzen dituztela. Hauetako zein ebidentziatan oinarritzen da bi organismoek bizitzeko atal berdeak behar dituztela dioen ondorioa?\nErantzuna: Bi organismoak hil egiten dira atal berdeak kentzen bazaizkie.\n\nGaldera: Kripton elementua gas bat da, ia inolako jarduera kimikorik ez duena. Antzeko ezaugarriak dituen beste elementu bat aurkitzeko, zer bilatu beharko luke ikasleak Elementuen Taula Periodikoan?\nErantzuna: talde bereko elementu bat\n\nGaldera: Urak propietate kimiko berezi asko ditu. Uraren zein propietatek egiten du ura gatz kristalinoen disolbatzaile on izatea?\nErantzuna: polaritate sendoa\n\nGaldera: Hauetako zein da ekosistema bateko elementu abiotiko bat?\nErantzuna: ekosistemako urteko batez besteko plubiositatea\n\nGaldera: Lurrak urtean behin orbitatzen du Eguzkiaren inguruan. Urtebetean, zenbat aldiz orbitatzen du Ilargiak Lurraren inguruan, gutxi gorabehera?\nErantzuna: 13\n\nGaldera: Zer tenperaturatan izozten da ura?\nErantzuna:', 'arg_1': ' 212 °C'}}","[[['-1.046875', 'True']], [['-6.09375', 'False']], [['-7.375', 'False']], [['-11.375', 'False']]]","[['-1.046875', 'True'], ['-6.09375', 'False'], ['-7.375', 'False'], ['-11.375', 'False']]",8783cbb66bf7c0c4df291bdf407f92d32f0cf7d9b13f72c150187a6d57d751de,6dd29f8ba3e4ef4c54a4be6e9c8895ee387f724c87b093fd48e10ebf27c9a706,5feceb66ffc86f38d952786c6d696c79c2dbc239dd4e91b46729d73a27fb57e9,1,1,Mercury_SC_413240,At which temperature does water freeze?,"{'text': array(['0 degrees Celsius', '32 degrees Celsius', '100 degrees Celsius',
       '212 degrees Celsius'], dtype=object), 'label': array(['A', 'B', 'C', 'D'], dtype=object)}",A
24,"{'id': 'Mercury_SC_405086', 'question': 'Elurra, euria, kazkabarra eta lainoa honako honen formak dira guztiak:', 'choices': {'text': ['gasa.', 'ura.', 'haizea.', 'hodeiak.'], 'label': ['A', 'B', 'C', 'D']}, 'answerKey': 'B'}",1,"{'gen_args_0': {'arg_0': 'Galdera: Tximistak energia mota hauek guztiak sor ditzake, hau izan ezik: \nErantzuna: eguzki-energia.\n\nGaldera: Hau da landare baten haziaren funtzio nagusia:\nErantzuna: elikagaiak gordetzea, garapen goiztiarrean erabiltzeko\n\nGaldera: Emiliak kikara bat te prestatu eta koilara batekin nahastu zuen. Koilara berotu egin zen. Nola transferitu zen tearen beroa koilarara?\nErantzuna: eroapenez\n\nGaldera: Bahametako irletan aurkitu diren ganbusiak ur gezako urmael isolatuetan bizi dira, zeinek garai batean ur-masa bakarra osatzen baitzuten. Zenbait ganbusia ar eta eme bi urmael isolatutatik atera eta urmael bakar batean jartzen direnean, ganbusia bakoitzak bere jatorriko urmaeleko ganbusia lehenesten du ugaltzeko. Hauetako zeinek eragin du, ziurrenik, ugaltzeko leheneste hori?\nErantzuna: Ugalketa-isolamenduak eragindako espeziazioak eragina izan zuen ugaltze-lehentasunetan.\n\nGaldera: Saguetan, espezie jakin batek gainezartze ez-osoa du ilajearen kolorean. Sagu beltz baten (BB) eta sagu zuri baten (bb) ondorengoak grisak dira (Bb). Bi sagu grisen arteko gurutzaketaren ondorengoen ilaje-koloreek zer ehuneko izango dituzte ziurrenik?\nErantzuna: % 25 zuria, % 25 beltza, % 50 grisa\n\nGaldera: Elurra, euria, kazkabarra eta lainoa honako honen formak dira guztiak:\nErantzuna:', 'arg_1': ' gasa.'}, 'gen_args_1': {'arg_0': 'Galdera: Tximistak energia mota hauek guztiak sor ditzake, hau izan ezik: \nErantzuna: eguzki-energia.\n\nGaldera: Hau da landare baten haziaren funtzio nagusia:\nErantzuna: elikagaiak gordetzea, garapen goiztiarrean erabiltzeko\n\nGaldera: Emiliak kikara bat te prestatu eta koilara batekin nahastu zuen. Koilara berotu egin zen. Nola transferitu zen tearen beroa koilarara?\nErantzuna: eroapenez\n\nGaldera: Bahametako irletan aurkitu diren ganbusiak ur gezako urmael isolatuetan bizi dira, zeinek garai batean ur-masa bakarra osatzen baitzuten. Zenbait ganbusia ar eta eme bi urmael isolatutatik atera eta urmael bakar batean jartzen direnean, ganbusia bakoitzak bere jatorriko urmaeleko ganbusia lehenesten du ugaltzeko. Hauetako zeinek eragin du, ziurrenik, ugaltzeko leheneste hori?\nErantzuna: Ugalketa-isolamenduak eragindako espeziazioak eragina izan zuen ugaltze-lehentasunetan.\n\nGaldera: Saguetan, espezie jakin batek gainezartze ez-osoa du ilajearen kolorean. Sagu beltz baten (BB) eta sagu zuri baten (bb) ondorengoak grisak dira (Bb). Bi sagu grisen arteko gurutzaketaren ondorengoen ilaje-koloreek zer ehuneko izango dituzte ziurrenik?\nErantzuna: % 25 zuria, % 25 beltza, % 50 grisa\n\nGaldera: Elurra, euria, kazkabarra eta lainoa honako honen formak dira guztiak:\nErantzuna:', 'arg_1': ' ura.'}, 'gen_args_2': {'arg_0': 'Galdera: Tximistak energia mota hauek guztiak sor ditzake, hau izan ezik: \nErantzuna: eguzki-energia.\n\nGaldera: Hau da landare baten haziaren funtzio nagusia:\nErantzuna: elikagaiak gordetzea, garapen goiztiarrean erabiltzeko\n\nGaldera: Emiliak kikara bat te prestatu eta koilara batekin nahastu zuen. Koilara berotu egin zen. Nola transferitu zen tearen beroa koilarara?\nErantzuna: eroapenez\n\nGaldera: Bahametako irletan aurkitu diren ganbusiak ur gezako urmael isolatuetan bizi dira, zeinek garai batean ur-masa bakarra osatzen baitzuten. Zenbait ganbusia ar eta eme bi urmael isolatutatik atera eta urmael bakar batean jartzen direnean, ganbusia bakoitzak bere jatorriko urmaeleko ganbusia lehenesten du ugaltzeko. Hauetako zeinek eragin du, ziurrenik, ugaltzeko leheneste hori?\nErantzuna: Ugalketa-isolamenduak eragindako espeziazioak eragina izan zuen ugaltze-lehentasunetan.\n\nGaldera: Saguetan, espezie jakin batek gainezartze ez-osoa du ilajearen kolorean. Sagu beltz baten (BB) eta sagu zuri baten (bb) ondorengoak grisak dira (Bb). Bi sagu grisen arteko gurutzaketaren ondorengoen ilaje-koloreek zer ehuneko izango dituzte ziurrenik?\nErantzuna: % 25 zuria, % 25 beltza, % 50 grisa\n\nGaldera: Elurra, euria, kazkabarra eta lainoa honako honen formak dira guztiak:\nErantzuna:', 'arg_1': ' haizea.'}, 'gen_args_3': {'arg_0': 'Galdera: Tximistak energia mota hauek guztiak sor ditzake, hau izan ezik: \nErantzuna: eguzki-energia.\n\nGaldera: Hau da landare baten haziaren funtzio nagusia:\nErantzuna: elikagaiak gordetzea, garapen goiztiarrean erabiltzeko\n\nGaldera: Emiliak kikara bat te prestatu eta koilara batekin nahastu zuen. Koilara berotu egin zen. Nola transferitu zen tearen beroa koilarara?\nErantzuna: eroapenez\n\nGaldera: Bahametako irletan aurkitu diren ganbusiak ur gezako urmael isolatuetan bizi dira, zeinek garai batean ur-masa bakarra osatzen baitzuten. Zenbait ganbusia ar eta eme bi urmael isolatutatik atera eta urmael bakar batean jartzen direnean, ganbusia bakoitzak bere jatorriko urmaeleko ganbusia lehenesten du ugaltzeko. Hauetako zeinek eragin du, ziurrenik, ugaltzeko leheneste hori?\nErantzuna: Ugalketa-isolamenduak eragindako espeziazioak eragina izan zuen ugaltze-lehentasunetan.\n\nGaldera: Saguetan, espezie jakin batek gainezartze ez-osoa du ilajearen kolorean. Sagu beltz baten (BB) eta sagu zuri baten (bb) ondorengoak grisak dira (Bb). Bi sagu grisen arteko gurutzaketaren ondorengoen ilaje-koloreek zer ehuneko izango dituzte ziurrenik?\nErantzuna: % 25 zuria, % 25 beltza, % 50 grisa\n\nGaldera: Elurra, euria, kazkabarra eta lainoa honako honen formak dira guztiak:\nErantzuna:', 'arg_1': ' hodeiak.'}}","[[['-12.8125', 'False']], [['-9.625', 'False']], [['-13.5625', 'False']], [['-10.875', 'False']]]","[['-12.8125', 'False'], ['-9.625', 'False'], ['-13.5625', 'False'], ['-10.875', 'False']]",3704d27574ba3435f5094bd24bceb728a13678d9902a6d4d883d5488917c519c,c437d1fd6d3e88d37e9844a2c33668645ba4d8c55ad01c22f1d8a6435a9a1036,6b86b273ff34fce19d6b804eff5a3f5747ada4eaa22f1d49c01e52ddb7875b4b,1,0,Mercury_SC_405086,"Snow, rain, hail, and fog are all forms of","{'text': array(['gas.', 'water.', 'wind.', 'clouds.'], dtype=object), 'label': array(['A', 'B', 'C', 'D'], dtype=object)}",B
9,"{'id': 'MCAS_2003_8_11', 'question': 'Kobrea kable elektrikoetan erabiltzen den elementu bat da. Zein da kobrearen unitate txikiena, oraindik kobrearen ezaugarriei eusten diena?', 'choices': {'text': ['atomoa', 'elektroia', 'nukleoa', 'protoia'], 'label': ['A', 'B', 'C', 'D']}, 'answerKey': 'A'}","[[['-1.265625', 'True']], [['-9.25', 'False']], [['-9.4375', 'False']], [['-9.375', 'False']]]",0,"{'gen_args_0': {'arg_0': 'Galdera: Ikasle batzuk Morris W. Offit teleskopioa bisitatu zuten Baltimoreko Maryland Space Grant Observatory-n. Izarrei, planetei eta ilargiari buruz ikasi zuten. Ikasleek honako informazio hau jaso zuten: • Izarren patroiek berdin jarraitzen dute, baina zeruan duten kokapena aldatzen ari dela dirudi. • Eguzkia, planetak eta ilargia zeruan mugitzen ari direla dirudi. • Proxima Centauri da gure eguzki sistematik gertuen dagoen izarra. • Iparrizarra Hartz Txikia izeneko konstelazio baten parte da. Zein adierazpenek azaltzen du ondoen eguzkia itxuraz zergatik mugitzen den egunero zeruan zehar?\nErantzuna: Lurra bere ardatzaren inguruan biraka dabil.\n\nGaldera: Aukera hauetako zein izango litzateke eraginkorrena zirkulazio handiko aireportu batean aire-trafikoaren pilaketa murrizteko?\nErantzuna: aireportuko pista-kopurua handitzea\n\nGaldera: Bakterio espezie batzuek sortzen duten substantzia bat toxikoa da intsektuentzat baina gizakientzat kaltegabea. Zientzialariek isolatu egin dute substantzia horren ekoizpena kontrolatzen duen genea. Hauetako zein da genea arto-landareetan sartzeko arrazoirik onena?\nErantzuna: Pestizida gutxiago beharko dira.\n\nGaldera: Zientzia-jarduera baterako, Mirenek Ilargiaren irudi bat marraztu behar zuen gauero. Mirenek ilargi berri bat marraztu bazuen, zer ilargi-mota marraztu zuen astebete inguru geroago?\nErantzuna: lehen laurdena\n\nGaldera: Hauetako zein arrazoigatik izan liteke tabakoa erretzeak kalte egitea gizabanako batek jarduera fisikoetan arrakasta izateko duen gaitasunari?\nErantzuna: Erresistentzia eta eraginkortasun kardiobaskularra murrizten ditu.\n\nGaldera: Kobrea kable elektrikoetan erabiltzen den elementu bat da. Zein da kobrearen unitate txikiena, oraindik kobrearen ezaugarriei eusten diena?\nErantzuna:', 'arg_1': ' atomoa'}, 'gen_args_1': {'arg_0': 'Galdera: Ikasle batzuk Morris W. Offit teleskopioa bisitatu zuten Baltimoreko Maryland Space Grant Observatory-n. Izarrei, planetei eta ilargiari buruz ikasi zuten. Ikasleek honako informazio hau jaso zuten: • Izarren patroiek berdin jarraitzen dute, baina zeruan duten kokapena aldatzen ari dela dirudi. • Eguzkia, planetak eta ilargia zeruan mugitzen ari direla dirudi. • Proxima Centauri da gure eguzki sistematik gertuen dagoen izarra. • Iparrizarra Hartz Txikia izeneko konstelazio baten parte da. Zein adierazpenek azaltzen du ondoen eguzkia itxuraz zergatik mugitzen den egunero zeruan zehar?\nErantzuna: Lurra bere ardatzaren inguruan biraka dabil.\n\nGaldera: Aukera hauetako zein izango litzateke eraginkorrena zirkulazio handiko aireportu batean aire-trafikoaren pilaketa murrizteko?\nErantzuna: aireportuko pista-kopurua handitzea\n\nGaldera: Bakterio espezie batzuek sortzen duten substantzia bat toxikoa da intsektuentzat baina gizakientzat kaltegabea. Zientzialariek isolatu egin dute substantzia horren ekoizpena kontrolatzen duen genea. Hauetako zein da genea arto-landareetan sartzeko arrazoirik onena?\nErantzuna: Pestizida gutxiago beharko dira.\n\nGaldera: Zientzia-jarduera baterako, Mirenek Ilargiaren irudi bat marraztu behar zuen gauero. Mirenek ilargi berri bat marraztu bazuen, zer ilargi-mota marraztu zuen astebete inguru geroago?\nErantzuna: lehen laurdena\n\nGaldera: Hauetako zein arrazoigatik izan liteke tabakoa erretzeak kalte egitea gizabanako batek jarduera fisikoetan arrakasta izateko duen gaitasunari?\nErantzuna: Erresistentzia eta eraginkortasun kardiobaskularra murrizten ditu.\n\nGaldera: Kobrea kable elektrikoetan erabiltzen den elementu bat da. Zein da kobrearen unitate txikiena, oraindik kobrearen ezaugarriei eusten diena?\nErantzuna:', 'arg_1': ' elektroia'}, 'gen_args_2': {'arg_0': 'Galdera: Ikasle batzuk Morris W. Offit teleskopioa bisitatu zuten Baltimoreko Maryland Space Grant Observatory-n. Izarrei, planetei eta ilargiari buruz ikasi zuten. Ikasleek honako informazio hau jaso zuten: • Izarren patroiek berdin jarraitzen dute, baina zeruan duten kokapena aldatzen ari dela dirudi. • Eguzkia, planetak eta ilargia zeruan mugitzen ari direla dirudi. • Proxima Centauri da gure eguzki sistematik gertuen dagoen izarra. • Iparrizarra Hartz Txikia izeneko konstelazio baten parte da. Zein adierazpenek azaltzen du ondoen eguzkia itxuraz zergatik mugitzen den egunero zeruan zehar?\nErantzuna: Lurra bere ardatzaren inguruan biraka dabil.\n\nGaldera: Aukera hauetako zein izango litzateke eraginkorrena zirkulazio handiko aireportu batean aire-trafikoaren pilaketa murrizteko?\nErantzuna: aireportuko pista-kopurua handitzea\n\nGaldera: Bakterio espezie batzuek sortzen duten substantzia bat toxikoa da intsektuentzat baina gizakientzat kaltegabea. Zientzialariek isolatu egin dute substantzia horren ekoizpena kontrolatzen duen genea. Hauetako zein da genea arto-landareetan sartzeko arrazoirik onena?\nErantzuna: Pestizida gutxiago beharko dira.\n\nGaldera: Zientzia-jarduera baterako, Mirenek Ilargiaren irudi bat marraztu behar zuen gauero. Mirenek ilargi berri bat marraztu bazuen, zer ilargi-mota marraztu zuen astebete inguru geroago?\nErantzuna: lehen laurdena\n\nGaldera: Hauetako zein arrazoigatik izan liteke tabakoa erretzeak kalte egitea gizabanako batek jarduera fisikoetan arrakasta izateko duen gaitasunari?\nErantzuna: Erresistentzia eta eraginkortasun kardiobaskularra murrizten ditu.\n\nGaldera: Kobrea kable elektrikoetan erabiltzen den elementu bat da. Zein da kobrearen unitate txikiena, oraindik kobrearen ezaugarriei eusten diena?\nErantzuna:', 'arg_1': ' nukleoa'}, 'gen_args_3': {'arg_0': 'Galdera: Ikasle batzuk Morris W. Offit teleskopioa bisitatu zuten Baltimoreko Maryland Space Grant Observatory-n. Izarrei, planetei eta ilargiari buruz ikasi zuten. Ikasleek honako informazio hau jaso zuten: • Izarren patroiek berdin jarraitzen dute, baina zeruan duten kokapena aldatzen ari dela dirudi. • Eguzkia, planetak eta ilargia zeruan mugitzen ari direla dirudi. • Proxima Centauri da gure eguzki sistematik gertuen dagoen izarra. • Iparrizarra Hartz Txikia izeneko konstelazio baten parte da. Zein adierazpenek azaltzen du ondoen eguzkia itxuraz zergatik mugitzen den egunero zeruan zehar?\nErantzuna: Lurra bere ardatzaren inguruan biraka dabil.\n\nGaldera: Aukera hauetako zein izango litzateke eraginkorrena zirkulazio handiko aireportu batean aire-trafikoaren pilaketa murrizteko?\nErantzuna: aireportuko pista-kopurua handitzea\n\nGaldera: Bakterio espezie batzuek sortzen duten substantzia bat toxikoa da intsektuentzat baina gizakientzat kaltegabea. Zientzialariek isolatu egin dute substantzia horren ekoizpena kontrolatzen duen genea. Hauetako zein da genea arto-landareetan sartzeko arrazoirik onena?\nErantzuna: Pestizida gutxiago beharko dira.\n\nGaldera: Zientzia-jarduera baterako, Mirenek Ilargiaren irudi bat marraztu behar zuen gauero. Mirenek ilargi berri bat marraztu bazuen, zer ilargi-mota marraztu zuen astebete inguru geroago?\nErantzuna: lehen laurdena\n\nGaldera: Hauetako zein arrazoigatik izan liteke tabakoa erretzeak kalte egitea gizabanako batek jarduera fisikoetan arrakasta izateko duen gaitasunari?\nErantzuna: Erresistentzia eta eraginkortasun kardiobaskularra murrizten ditu.\n\nGaldera: Kobrea kable elektrikoetan erabiltzen den elementu bat da. Zein da kobrearen unitate txikiena, oraindik kobrearen ezaugarriei eusten diena?\nErantzuna:', 'arg_1': ' protoia'}}","[['-1.265625', 'True'], ['-9.25', 'False'], ['-9.4375', 'False'], ['-9.375', 'False']]",5aa6bd5a680c08307a74df6633c4889c86240a748930e116fab73ec1f28afec9,90639c7e8768414db5524efa9f9bbf47fbe53ce9a3ce0befee1d9bd31e501242,5feceb66ffc86f38d952786c6d696c79c2dbc239dd4e91b46729d73a27fb57e9,1,1,MCAS_2003_8_11,Copper is an element that is used in electrical wires. What is the smallest unit of copper that still maintains the characteristics of copper?,"{'text': array(['the atom', 'the electron', 'the nucleus', 'the proton'],
      dtype=object), 'label': array(['A', 'B', 'C', 'D'], dtype=object)}",A
68,"{'id': 'Mercury_417147', 'question': 'Itsaso-uraren gatza hauetatik guztietatik dator, salbu eta', 'choices': {'text': ['lurraren higaduratik.', 'glaziarretako izotza urtzetik.', 'sumendien igorpenetatik.', 'itsas hondoko erreakzioetatik.'], 'label': ['A', 'B', 'C', 'D']}, 'answerKey': 'B'}",1,"{'gen_args_0': {'arg_0': 'Galdera: Hauetako zein da haizea sortzearen arduraduna?\nErantzuna: eguzki-energia\n\nGaldera: Non izan liteke arriskutsuagoa tresna elektrikoekin lan egitea?\nErantzuna: igerileku baten ondoan\n\nGaldera: Uharte txiki batean zenbait hegazti-mota bizi dira. Ekaitz batek suntsitu egin ditu hegaztien elikatzeko eta habiak egiteko leku diren landare gehienak. Hauetako zein hegazti-motak iraungo du bizirik irlan ziurrenik?\nErantzuna: moldakorrenak diren hegaztiak\n\nGaldera: Erregistro fosilek diote espezieen aldaketak, oro har,\nErantzuna: belaunaldi askotan zehar gertatzen direla.\n\nGaldera: Errekaren ezaugarri hauetako zeinek du zuzeneko eragina erreken jalkinetan?\nErantzuna: gradientea\n\nGaldera: Itsaso-uraren gatza hauetatik guztietatik dator, salbu eta\nErantzuna:', 'arg_1': ' lurraren higaduratik.'}, 'gen_args_1': {'arg_0': 'Galdera: Hauetako zein da haizea sortzearen arduraduna?\nErantzuna: eguzki-energia\n\nGaldera: Non izan liteke arriskutsuagoa tresna elektrikoekin lan egitea?\nErantzuna: igerileku baten ondoan\n\nGaldera: Uharte txiki batean zenbait hegazti-mota bizi dira. Ekaitz batek suntsitu egin ditu hegaztien elikatzeko eta habiak egiteko leku diren landare gehienak. Hauetako zein hegazti-motak iraungo du bizirik irlan ziurrenik?\nErantzuna: moldakorrenak diren hegaztiak\n\nGaldera: Erregistro fosilek diote espezieen aldaketak, oro har,\nErantzuna: belaunaldi askotan zehar gertatzen direla.\n\nGaldera: Errekaren ezaugarri hauetako zeinek du zuzeneko eragina erreken jalkinetan?\nErantzuna: gradientea\n\nGaldera: Itsaso-uraren gatza hauetatik guztietatik dator, salbu eta\nErantzuna:', 'arg_1': ' glaziarretako izotza urtzetik.'}, 'gen_args_2': {'arg_0': 'Galdera: Hauetako zein da haizea sortzearen arduraduna?\nErantzuna: eguzki-energia\n\nGaldera: Non izan liteke arriskutsuagoa tresna elektrikoekin lan egitea?\nErantzuna: igerileku baten ondoan\n\nGaldera: Uharte txiki batean zenbait hegazti-mota bizi dira. Ekaitz batek suntsitu egin ditu hegaztien elikatzeko eta habiak egiteko leku diren landare gehienak. Hauetako zein hegazti-motak iraungo du bizirik irlan ziurrenik?\nErantzuna: moldakorrenak diren hegaztiak\n\nGaldera: Erregistro fosilek diote espezieen aldaketak, oro har,\nErantzuna: belaunaldi askotan zehar gertatzen direla.\n\nGaldera: Errekaren ezaugarri hauetako zeinek du zuzeneko eragina erreken jalkinetan?\nErantzuna: gradientea\n\nGaldera: Itsaso-uraren gatza hauetatik guztietatik dator, salbu eta\nErantzuna:', 'arg_1': ' sumendien igorpenetatik.'}, 'gen_args_3': {'arg_0': 'Galdera: Hauetako zein da haizea sortzearen arduraduna?\nErantzuna: eguzki-energia\n\nGaldera: Non izan liteke arriskutsuagoa tresna elektrikoekin lan egitea?\nErantzuna: igerileku baten ondoan\n\nGaldera: Uharte txiki batean zenbait hegazti-mota bizi dira. Ekaitz batek suntsitu egin ditu hegaztien elikatzeko eta habiak egiteko leku diren landare gehienak. Hauetako zein hegazti-motak iraungo du bizirik irlan ziurrenik?\nErantzuna: moldakorrenak diren hegaztiak\n\nGaldera: Erregistro fosilek diote espezieen aldaketak, oro har,\nErantzuna: belaunaldi askotan zehar gertatzen direla.\n\nGaldera: Errekaren ezaugarri hauetako zeinek du zuzeneko eragina erreken jalkinetan?\nErantzuna: gradientea\n\nGaldera: Itsaso-uraren gatza hauetatik guztietatik dator, salbu eta\nErantzuna:', 'arg_1': ' itsas hondoko erreakzioetatik.'}}","[[['-21.875', 'False']], [['-31.25', 'False']], [['-25.875', 'False']], [['-28.25', 'False']]]","[['-21.875', 'False'], ['-31.25', 'False'], ['-25.875', 'False'], ['-28.25', 'False']]",244877435b1862f56c6638fc2dc60c86faa15c70cd72ff4a9a333d6890caac36,c34a763e4842fe510e0ba3560154de94069c5805dd84c0585138384777877663,6b86b273ff34fce19d6b804eff5a3f5747ada4eaa22f1d49c01e52ddb7875b4b,0,0,Mercury_417147,The salt in ocean water comes from all of the following except,"{'text': array(['eroding land.', 'melting glacial ice.', 'volcanic emissions.',
       'reactions on the sea floor.'], dtype=object), 'label': array(['A', 'B', 'C', 'D'], dtype=object)}",B
69,"{'id': 'Mercury_7016765', 'question': 'Hauetako zein da ekaitzen arrazoi nagusia?', 'choices': {'text': ['Eguzkiak Lurra berotzen du.', 'Mendiek aire hezea gorantz bideratzen dute.', 'Urak tantak sortzen ditu hoztean.', 'Lurraren zati gehiena urez estalita dago.'], 'label': ['A', 'B', 'C', 'D']}, 'answerKey': 'A'}",0,"{'gen_args_0': {'arg_0': 'Galdera: Itsas txakur emeak urtero hondartza beretara itzultzen dira erditzeko. Hondartza horietan gizakiek behin eta berriz gogaitzen badituzte, nola erantzungo dute itsas txakurrek, ziurrenik?\nErantzuna: Beste hondartza batzuetan erdituko dira.\n\nGaldera: Adierazpen hauetatik zeinek azaltzen du ondoen hosto bati zer gertatzen zaion hain beharrezkoa zuen ura galdu duenean?\nErantzuna: Haren tentetasun-presioak behera egiten du.\n\nGaldera: Urte batean, parke bateko haritzak ohi baino ezkur gehiago sortzen hasi ziren. Hurrengo urtean, parkeko urtxintxen populazioak ere gora egin zuen. Zerk azaltzen du ondoen hurrengo urtean urtxintxa gehiago izatearen zergatia?\nErantzuna: Janari iturriak ugaritu egin ziren.\n\nGaldera: Hauetako zein ez da zirkulazio-sistemaren funtzio bat?\nErantzuna: elikagaiak mantenugai bihurtzea\n\nGaldera: Nola erabili behar da lerro-grafiko bat objektu mugikor baten distantziari eta denborari buruzko datuak erakusteko?\nErantzuna: x ardatzari denbora egokiarazi behar zaio, hura baita aldagai independentea.\n\nGaldera: Hauetako zein da ekaitzen arrazoi nagusia?\nErantzuna:', 'arg_1': ' Eguzkiak Lurra berotzen du.'}, 'gen_args_1': {'arg_0': 'Galdera: Itsas txakur emeak urtero hondartza beretara itzultzen dira erditzeko. Hondartza horietan gizakiek behin eta berriz gogaitzen badituzte, nola erantzungo dute itsas txakurrek, ziurrenik?\nErantzuna: Beste hondartza batzuetan erdituko dira.\n\nGaldera: Adierazpen hauetatik zeinek azaltzen du ondoen hosto bati zer gertatzen zaion hain beharrezkoa zuen ura galdu duenean?\nErantzuna: Haren tentetasun-presioak behera egiten du.\n\nGaldera: Urte batean, parke bateko haritzak ohi baino ezkur gehiago sortzen hasi ziren. Hurrengo urtean, parkeko urtxintxen populazioak ere gora egin zuen. Zerk azaltzen du ondoen hurrengo urtean urtxintxa gehiago izatearen zergatia?\nErantzuna: Janari iturriak ugaritu egin ziren.\n\nGaldera: Hauetako zein ez da zirkulazio-sistemaren funtzio bat?\nErantzuna: elikagaiak mantenugai bihurtzea\n\nGaldera: Nola erabili behar da lerro-grafiko bat objektu mugikor baten distantziari eta denborari buruzko datuak erakusteko?\nErantzuna: x ardatzari denbora egokiarazi behar zaio, hura baita aldagai independentea.\n\nGaldera: Hauetako zein da ekaitzen arrazoi nagusia?\nErantzuna:', 'arg_1': ' Mendiek aire hezea gorantz bideratzen dute.'}, 'gen_args_2': {'arg_0': 'Galdera: Itsas txakur emeak urtero hondartza beretara itzultzen dira erditzeko. Hondartza horietan gizakiek behin eta berriz gogaitzen badituzte, nola erantzungo dute itsas txakurrek, ziurrenik?\nErantzuna: Beste hondartza batzuetan erdituko dira.\n\nGaldera: Adierazpen hauetatik zeinek azaltzen du ondoen hosto bati zer gertatzen zaion hain beharrezkoa zuen ura galdu duenean?\nErantzuna: Haren tentetasun-presioak behera egiten du.\n\nGaldera: Urte batean, parke bateko haritzak ohi baino ezkur gehiago sortzen hasi ziren. Hurrengo urtean, parkeko urtxintxen populazioak ere gora egin zuen. Zerk azaltzen du ondoen hurrengo urtean urtxintxa gehiago izatearen zergatia?\nErantzuna: Janari iturriak ugaritu egin ziren.\n\nGaldera: Hauetako zein ez da zirkulazio-sistemaren funtzio bat?\nErantzuna: elikagaiak mantenugai bihurtzea\n\nGaldera: Nola erabili behar da lerro-grafiko bat objektu mugikor baten distantziari eta denborari buruzko datuak erakusteko?\nErantzuna: x ardatzari denbora egokiarazi behar zaio, hura baita aldagai independentea.\n\nGaldera: Hauetako zein da ekaitzen arrazoi nagusia?\nErantzuna:', 'arg_1': ' Urak tantak sortzen ditu hoztean.'}, 'gen_args_3': {'arg_0': 'Galdera: Itsas txakur emeak urtero hondartza beretara itzultzen dira erditzeko. Hondartza horietan gizakiek behin eta berriz gogaitzen badituzte, nola erantzungo dute itsas txakurrek, ziurrenik?\nErantzuna: Beste hondartza batzuetan erdituko dira.\n\nGaldera: Adierazpen hauetatik zeinek azaltzen du ondoen hosto bati zer gertatzen zaion hain beharrezkoa zuen ura galdu duenean?\nErantzuna: Haren tentetasun-presioak behera egiten du.\n\nGaldera: Urte batean, parke bateko haritzak ohi baino ezkur gehiago sortzen hasi ziren. Hurrengo urtean, parkeko urtxintxen populazioak ere gora egin zuen. Zerk azaltzen du ondoen hurrengo urtean urtxintxa gehiago izatearen zergatia?\nErantzuna: Janari iturriak ugaritu egin ziren.\n\nGaldera: Hauetako zein ez da zirkulazio-sistemaren funtzio bat?\nErantzuna: elikagaiak mantenugai bihurtzea\n\nGaldera: Nola erabili behar da lerro-grafiko bat objektu mugikor baten distantziari eta denborari buruzko datuak erakusteko?\nErantzuna: x ardatzari denbora egokiarazi behar zaio, hura baita aldagai independentea.\n\nGaldera: Hauetako zein da ekaitzen arrazoi nagusia?\nErantzuna:', 'arg_1': ' Lurraren zati gehiena urez estalita dago.'}}","[[['-22.625', 'False']], [['-43.0', 'False']], [['-39.25', 'False']], [['-24.5', 'False']]]","[['-22.625', 'False'], ['-43.0', 'False'], ['-39.25', 'False'], ['-24.5', 'False']]",2a74774861ce16d37eb35f488e29c850e21a57026c2a22bb896cad3edb28657e,0d430498251e31e6856071cd0c22ad5e182727545003ec0dc48750b73c721bc8,5feceb66ffc86f38d952786c6d696c79c2dbc239dd4e91b46729d73a27fb57e9,1,0,Mercury_7016765,What is the primary cause of rainstorms?,"{'text': array(['Earth is heated by the Sun.',
       'Mountains direct moist air upward.',
       'Water forms droplets when cooled.',
       'Most of Earth is covered with water.'], dtype=object), 'label': array(['A', 'B', 'C', 'D'], dtype=object)}",A
83,"{'id': 'Mercury_SC_401272', 'question': 'Ziurrenik, hau erabili zuen Thomas Edisonek bonbilla asmatzeko:', 'choices': {'text': ['kandela piztuak.', 'eredu atomikoak.', 'argi islatua.', 'metodo zientifikoa.'], 'label': ['A', 'B', 'C', 'D']}, 'answerKey': 'D'}",3,"{'gen_args_0': {'arg_0': 'Galdera: Esperimentu bat egin da ontzi zigilatu batekin. Ontzia, hasieran, 21 ºC-ko tenperaturan eta 138 kPa-ko aire-presioan dago. Berotu egiten da, eta ontziaren barruko presioa era uniformean igotzen da tenperatura igotzearekin batera. Ontzia 21 ºC-ra hozten bada, zein izango da airearen presioa?\nErantzuna: 137 kPa\n\nGaldera: Haizea baliabide naturala da, Chesapeake badiaren hego-ekialdeko ertzari mesede egiten diona.  Zein arrazoigatik egiten diete haize horiek mesede gizakiei?\nErantzuna: Haizeak energia elektriko bihurtu litezke.\n\nGaldera: Ezaugarri hauetako zein izan liteke katu batek gurasoetatik heredatua?\nErantzuna: larru zuria izatea\n\nGaldera: Zergatik da makina baten irteera-energia sarrera-energia baino txikiagoa?\nErantzuna: Energia erabilgarria gutxitu egiten da energia ingurunera transferitzen den heinean.\n\nGaldera: Australian, tenperaturak 43 ºC-tik gora igo daitezke eguerdian. Gorputza fresko edukitzeko, kanguruek besoak miazkatzen dituzte eta listu-geruza lodi batez estaltzen. Listua lurrundu ahala, hozteko mekanismo gisa jarduten du, eta kanguruaren gorputz-tenperatura jaisten du. Hauetako zein da jarduera hori ondoen deskribatzen duen terminoa?\nErantzuna: jokabide-egokitzapenak\n\nGaldera: Ziurrenik, hau erabili zuen Thomas Edisonek bonbilla asmatzeko:\nErantzuna:', 'arg_1': ' kandela piztuak.'}, 'gen_args_1': {'arg_0': 'Galdera: Esperimentu bat egin da ontzi zigilatu batekin. Ontzia, hasieran, 21 ºC-ko tenperaturan eta 138 kPa-ko aire-presioan dago. Berotu egiten da, eta ontziaren barruko presioa era uniformean igotzen da tenperatura igotzearekin batera. Ontzia 21 ºC-ra hozten bada, zein izango da airearen presioa?\nErantzuna: 137 kPa\n\nGaldera: Haizea baliabide naturala da, Chesapeake badiaren hego-ekialdeko ertzari mesede egiten diona.  Zein arrazoigatik egiten diete haize horiek mesede gizakiei?\nErantzuna: Haizeak energia elektriko bihurtu litezke.\n\nGaldera: Ezaugarri hauetako zein izan liteke katu batek gurasoetatik heredatua?\nErantzuna: larru zuria izatea\n\nGaldera: Zergatik da makina baten irteera-energia sarrera-energia baino txikiagoa?\nErantzuna: Energia erabilgarria gutxitu egiten da energia ingurunera transferitzen den heinean.\n\nGaldera: Australian, tenperaturak 43 ºC-tik gora igo daitezke eguerdian. Gorputza fresko edukitzeko, kanguruek besoak miazkatzen dituzte eta listu-geruza lodi batez estaltzen. Listua lurrundu ahala, hozteko mekanismo gisa jarduten du, eta kanguruaren gorputz-tenperatura jaisten du. Hauetako zein da jarduera hori ondoen deskribatzen duen terminoa?\nErantzuna: jokabide-egokitzapenak\n\nGaldera: Ziurrenik, hau erabili zuen Thomas Edisonek bonbilla asmatzeko:\nErantzuna:', 'arg_1': ' eredu atomikoak.'}, 'gen_args_2': {'arg_0': 'Galdera: Esperimentu bat egin da ontzi zigilatu batekin. Ontzia, hasieran, 21 ºC-ko tenperaturan eta 138 kPa-ko aire-presioan dago. Berotu egiten da, eta ontziaren barruko presioa era uniformean igotzen da tenperatura igotzearekin batera. Ontzia 21 ºC-ra hozten bada, zein izango da airearen presioa?\nErantzuna: 137 kPa\n\nGaldera: Haizea baliabide naturala da, Chesapeake badiaren hego-ekialdeko ertzari mesede egiten diona.  Zein arrazoigatik egiten diete haize horiek mesede gizakiei?\nErantzuna: Haizeak energia elektriko bihurtu litezke.\n\nGaldera: Ezaugarri hauetako zein izan liteke katu batek gurasoetatik heredatua?\nErantzuna: larru zuria izatea\n\nGaldera: Zergatik da makina baten irteera-energia sarrera-energia baino txikiagoa?\nErantzuna: Energia erabilgarria gutxitu egiten da energia ingurunera transferitzen den heinean.\n\nGaldera: Australian, tenperaturak 43 ºC-tik gora igo daitezke eguerdian. Gorputza fresko edukitzeko, kanguruek besoak miazkatzen dituzte eta listu-geruza lodi batez estaltzen. Listua lurrundu ahala, hozteko mekanismo gisa jarduten du, eta kanguruaren gorputz-tenperatura jaisten du. Hauetako zein da jarduera hori ondoen deskribatzen duen terminoa?\nErantzuna: jokabide-egokitzapenak\n\nGaldera: Ziurrenik, hau erabili zuen Thomas Edisonek bonbilla asmatzeko:\nErantzuna:', 'arg_1': ' argi islatua.'}, 'gen_args_3': {'arg_0': 'Galdera: Esperimentu bat egin da ontzi zigilatu batekin. Ontzia, hasieran, 21 ºC-ko tenperaturan eta 138 kPa-ko aire-presioan dago. Berotu egiten da, eta ontziaren barruko presioa era uniformean igotzen da tenperatura igotzearekin batera. Ontzia 21 ºC-ra hozten bada, zein izango da airearen presioa?\nErantzuna: 137 kPa\n\nGaldera: Haizea baliabide naturala da, Chesapeake badiaren hego-ekialdeko ertzari mesede egiten diona.  Zein arrazoigatik egiten diete haize horiek mesede gizakiei?\nErantzuna: Haizeak energia elektriko bihurtu litezke.\n\nGaldera: Ezaugarri hauetako zein izan liteke katu batek gurasoetatik heredatua?\nErantzuna: larru zuria izatea\n\nGaldera: Zergatik da makina baten irteera-energia sarrera-energia baino txikiagoa?\nErantzuna: Energia erabilgarria gutxitu egiten da energia ingurunera transferitzen den heinean.\n\nGaldera: Australian, tenperaturak 43 ºC-tik gora igo daitezke eguerdian. Gorputza fresko edukitzeko, kanguruek besoak miazkatzen dituzte eta listu-geruza lodi batez estaltzen. Listua lurrundu ahala, hozteko mekanismo gisa jarduten du, eta kanguruaren gorputz-tenperatura jaisten du. Hauetako zein da jarduera hori ondoen deskribatzen duen terminoa?\nErantzuna: jokabide-egokitzapenak\n\nGaldera: Ziurrenik, hau erabili zuen Thomas Edisonek bonbilla asmatzeko:\nErantzuna:', 'arg_1': ' metodo zientifikoa.'}}","[[['-28.125', 'False']], [['-25.125', 'False']], [['-24.375', 'False']], [['-18.625', 'False']]]","[['-28.125', 'False'], ['-25.125', 'False'], ['-24.375', 'False'], ['-18.625', 'False']]",6c81a5f157aba5756b61896cad5b49f5c119bbe46143cd7cc065084eb75daa16,589b3f2ccc5100da114cce9d40ac8c5e5d871d84438c24c1b3e227220f721876,4e07408562bedb8b60ce05c1decfe3ad16b72230967de01f640b7e4729b49fce,1,1,Mercury_SC_401272,Thomas Edison most likely invented the light bulb by using,"{'text': array(['lit candles.', 'atomic models.', 'reflected light.',
       'the scientific method.'], dtype=object), 'label': array(['A', 'B', 'C', 'D'], dtype=object)}",D
90,"{'id': 'Mercury_7084665', 'question': 'Zer ikus daiteke teleskopio baten laguntzarik gabe gau argi batean?', 'choices': {'text': ['Esne Bidea galaxia', 'beste planeta batzuen ilargiak', 'asteroideak', 'Pluton'], 'label': ['A', 'B', 'C', 'D']}, 'answerKey': 'A'}",0,"{'gen_args_0': {'arg_0': 'Galdera: Ikasle batek izotz-koskorrez betetako erretilu bat hozkailutik atera eta mahai gainean jarri du. Izotz-koskorrak solido eta hotz daude. Ikasleari ahaztu egin zaio izotz-koskorren erretilua ostera izozkailuan sartzea. Hurrengo egunean izotz-koskorrak honela egongo dira ziurrenik:\nErantzuna: likido eta epelago\n\nGaldera: Hauetako zein materialetan bidaiatzen du soinuak bizkorren?\nErantzuna: altzairua\n\nGaldera: Mikelen familia etxe berri bat eraikitzen ari da. Baliabide berriztagarrien bidez sortutako elektrizitatea erabili nahi dute. Energia-hornidura hauetako zeinek lagunduko lioke familiari bere helburua betetzen?\nErantzuna: teilatuko eguzki-panelak\n\nGaldera: Ikasle batek ikerketa bat egin nahi du, arrapala batean behera doazela zenbait bolaren abiadura kalkulatzeko. Zer informazio behar du gutxienez ikasleak?\nErantzuna: arrapalaren lodiera\n\nGaldera: Coloradon aurkitutako fosil bat Aro Mesozoiko goiztiarrekoa da. Handik urtebetera antzeko fosil bat aurkitu zen Wyomingen, Aro Mesozoiko goiztiarrekoa hura ere. Ziurrenik, bi organismo hauek bizi izan ziren:\nErantzuna: ingurune berean eta garai bertsuan.\n\nGaldera: Zer ikus daiteke teleskopio baten laguntzarik gabe gau argi batean?\nErantzuna:', 'arg_1': ' Esne Bidea galaxia'}, 'gen_args_1': {'arg_0': 'Galdera: Ikasle batek izotz-koskorrez betetako erretilu bat hozkailutik atera eta mahai gainean jarri du. Izotz-koskorrak solido eta hotz daude. Ikasleari ahaztu egin zaio izotz-koskorren erretilua ostera izozkailuan sartzea. Hurrengo egunean izotz-koskorrak honela egongo dira ziurrenik:\nErantzuna: likido eta epelago\n\nGaldera: Hauetako zein materialetan bidaiatzen du soinuak bizkorren?\nErantzuna: altzairua\n\nGaldera: Mikelen familia etxe berri bat eraikitzen ari da. Baliabide berriztagarrien bidez sortutako elektrizitatea erabili nahi dute. Energia-hornidura hauetako zeinek lagunduko lioke familiari bere helburua betetzen?\nErantzuna: teilatuko eguzki-panelak\n\nGaldera: Ikasle batek ikerketa bat egin nahi du, arrapala batean behera doazela zenbait bolaren abiadura kalkulatzeko. Zer informazio behar du gutxienez ikasleak?\nErantzuna: arrapalaren lodiera\n\nGaldera: Coloradon aurkitutako fosil bat Aro Mesozoiko goiztiarrekoa da. Handik urtebetera antzeko fosil bat aurkitu zen Wyomingen, Aro Mesozoiko goiztiarrekoa hura ere. Ziurrenik, bi organismo hauek bizi izan ziren:\nErantzuna: ingurune berean eta garai bertsuan.\n\nGaldera: Zer ikus daiteke teleskopio baten laguntzarik gabe gau argi batean?\nErantzuna:', 'arg_1': ' beste planeta batzuen ilargiak'}, 'gen_args_2': {'arg_0': 'Galdera: Ikasle batek izotz-koskorrez betetako erretilu bat hozkailutik atera eta mahai gainean jarri du. Izotz-koskorrak solido eta hotz daude. Ikasleari ahaztu egin zaio izotz-koskorren erretilua ostera izozkailuan sartzea. Hurrengo egunean izotz-koskorrak honela egongo dira ziurrenik:\nErantzuna: likido eta epelago\n\nGaldera: Hauetako zein materialetan bidaiatzen du soinuak bizkorren?\nErantzuna: altzairua\n\nGaldera: Mikelen familia etxe berri bat eraikitzen ari da. Baliabide berriztagarrien bidez sortutako elektrizitatea erabili nahi dute. Energia-hornidura hauetako zeinek lagunduko lioke familiari bere helburua betetzen?\nErantzuna: teilatuko eguzki-panelak\n\nGaldera: Ikasle batek ikerketa bat egin nahi du, arrapala batean behera doazela zenbait bolaren abiadura kalkulatzeko. Zer informazio behar du gutxienez ikasleak?\nErantzuna: arrapalaren lodiera\n\nGaldera: Coloradon aurkitutako fosil bat Aro Mesozoiko goiztiarrekoa da. Handik urtebetera antzeko fosil bat aurkitu zen Wyomingen, Aro Mesozoiko goiztiarrekoa hura ere. Ziurrenik, bi organismo hauek bizi izan ziren:\nErantzuna: ingurune berean eta garai bertsuan.\n\nGaldera: Zer ikus daiteke teleskopio baten laguntzarik gabe gau argi batean?\nErantzuna:', 'arg_1': ' asteroideak'}, 'gen_args_3': {'arg_0': 'Galdera: Ikasle batek izotz-koskorrez betetako erretilu bat hozkailutik atera eta mahai gainean jarri du. Izotz-koskorrak solido eta hotz daude. Ikasleari ahaztu egin zaio izotz-koskorren erretilua ostera izozkailuan sartzea. Hurrengo egunean izotz-koskorrak honela egongo dira ziurrenik:\nErantzuna: likido eta epelago\n\nGaldera: Hauetako zein materialetan bidaiatzen du soinuak bizkorren?\nErantzuna: altzairua\n\nGaldera: Mikelen familia etxe berri bat eraikitzen ari da. Baliabide berriztagarrien bidez sortutako elektrizitatea erabili nahi dute. Energia-hornidura hauetako zeinek lagunduko lioke familiari bere helburua betetzen?\nErantzuna: teilatuko eguzki-panelak\n\nGaldera: Ikasle batek ikerketa bat egin nahi du, arrapala batean behera doazela zenbait bolaren abiadura kalkulatzeko. Zer informazio behar du gutxienez ikasleak?\nErantzuna: arrapalaren lodiera\n\nGaldera: Coloradon aurkitutako fosil bat Aro Mesozoiko goiztiarrekoa da. Handik urtebetera antzeko fosil bat aurkitu zen Wyomingen, Aro Mesozoiko goiztiarrekoa hura ere. Ziurrenik, bi organismo hauek bizi izan ziren:\nErantzuna: ingurune berean eta garai bertsuan.\n\nGaldera: Zer ikus daiteke teleskopio baten laguntzarik gabe gau argi batean?\nErantzuna:', 'arg_1': ' Pluton'}}","[[['-19.375', 'False']], [['-14.625', 'False']], [['-6.75', 'False']], [['-5.34375', 'False']]]","[['-19.375', 'False'], ['-14.625', 'False'], ['-6.75', 'False'], ['-5.34375', 'False']]",ba40ba6db306f1726a5c89842de6e76dbb43cccee5ed8689152ec65e2f5e66fe,9001def0c9ff271176d87a4cba51a827200d90ba23b18c5ff8460c47c6e4793b,5feceb66ffc86f38d952786c6d696c79c2dbc239dd4e91b46729d73a27fb57e9,0,0,Mercury_7084665,What can most likely be seen without the aid of a telescope on a clear night?,"{'text': array(['the Milky Way galaxy', 'moons of other planets', 'asteroids',
       'Pluto'], dtype=object), 'label': array(['A', 'B', 'C', 'D'], dtype=object)}",A